Mes,Previsao
2025-12,61.80737480149503
2026-01,61.92348781353267
2026-02,62.97502227051894
2026-03,63.202771669271115
2026-04,63.989192230676345
2026-05,64.26071556016898
